date,time,latitude,longitude,gps_speed,gps_alt,gps_heading,gps_distance,speed,voltage,phase_current,current,power,torque,pwm,battery_level,distance,totaldistance,system_temp,temp2,tilt,roll,mode,alert
2024-11-29,16:10:25.807,0,0,0,0,0,0,0,75.69,0,0,0,0,0,65,7387114,7387114,19,0,0,0,2,0
2024-11-29,16:10:25.980,0,0,0,0,0,0,0,75.69,0,0,0,0,0,65,7387114,7387114,19,0,0,0,2,0
2024-11-29,16:10:26.024,0,0,0,0,0,0,0,75.69,0,0,0,0,0,65,7387114,7387114,19,0,0,0,2,0
2024-11-29,16:10:26.206,0,0,0,0,0,0,0,75.69,0,0,0,0,0,65,0,7387114,19,0,0,0,2,0
2024-11-29,16:10:26.615,0,0,0,0,0,0,0,75.69,0,0.02,1.51,0,0,65,0,7387114,19,18,0,0,2,0
2024-11-29,16:10:27.015,0,0,0,0,0,0,0,75.69,0,0,0,0,0,65,0,7387114,19,18,0,0,2,0
2024-11-29,16:10:27.419,0,0,0,0,0,0,0,75.69,0,0,0,0,0,65,0,7387114,19,18,0,0,2,0
2024-11-29,16:10:27.824,0,0,0,0,0,0,0,75.69,0,0,0,0,0,65,0,7387114,19,18,0,0,2,0
2024-11-29,16:10:28.231,0,0,0,0,0,0,0,75.69,0,0,0,0,0,65,0,7387114,19,18,0,0,2,0
2024-11-29,16:10:28.601,0,0,0,0,0,0,0,75.69,0,0,0,0,0,65,0,7387114,19,18,0,0,2,0
2024-11-29,16:10:28.995,0,0,0,0,0,0,0,75.69,0,0,0,0,0,65,0,7387114,19,18,0,0,2,0
2024-11-29,16:10:29.402,0,0,0,0,0,0,0,75.69,0,0,0,0,0,65,0,7387114,19,18,0,0,2,0
2024-11-29,16:10:29.804,0,0,0,0,0,0,0,75.69,0,0,0,0,0,65,0,7387114,19,18,0,0,2,0
2024-11-29,16:10:30.212,0,0,0,0,0,0,0,75.69,0,0,0,0,0,65,0,7387114,19,18,0,0,2,0
2024-11-29,16:10:30.624,0,0,0,0,0,0,0,75.69,0,0,0,0,0,65,0,7387114,19,18,0,0,2,0
2024-11-29,16:10:31.019,0,0,0,0,0,0,0,75.69,0,0,0,0,0,65,0,7387114,19,18,0,0,2,0
2024-11-29,16:10:31.424,0,0,0,0,0,0,0,75.69,0,0.01,0.76,0,0,65,0,7387114,19,18,0,0,2,0
2024-11-29,16:10:31.829,0,0,0,0,0,0,0,75.69,0,0,0,0,0,65,0,7387114,19,18,0,0,2,0
2024-11-29,16:10:32.190,0,0,0,0,0,0,0,75.69,0,0,0,0,0,65,0,7387114,19,18,0,0,2,0
2024-11-29,16:10:32.595,0,0,0,0,0,0,0,75.69,0,0,0,0,0,65,0,7387114,19,18,0,0,2,0
2024-11-29,16:10:33.001,0,0,0,0,0,0,0,75.69,0,0,0,0,0,65,0,7387114,19,18,0,0,2,0
2024-11-29,16:10:33.390,0,0,0,0,0,0,0,75.69,0,0,0,0,0,65,0,7387114,19,18,0,0,2,0
2024-11-29,16:10:33.796,0,0,0,0,0,0,0,75.69,0,0,0,0,0,65,0,7387114,19,18,0,0,2,0
2024-11-29,16:10:34.199,0,0,0,0,0,0,0,75.7,0,0,0,0,0,66,0,7387114,19,18,0,0,2,0
2024-11-29,16:10:34.589,0,0,0,0,0,0,0,75.7,0,0,0,0,0,66,0,7387114,19,18,0,0,2,0
2024-11-29,16:10:34.994,0,0,0,0,0,0,0,75.7,0,0,0,0,0,66,0,7387114,19,18,0,0,2,0
2024-11-29,16:10:35.399,0,0,0,0,0,0,0,75.7,0,0,0,0,0,66,0,7387114,19,18,0,0,2,0
2024-11-29,16:10:35.789,0,0,0,0,0,0,0,75.7,0,0,0,0,0,66,0,7387114,19,18,0,0,2,0
2024-11-29,16:10:36.195,0,0,0,0,0,0,0,75.7,0,0,0,0,0,66,0,7387114,19,18,0,0,2,0
2024-11-29,16:10:36.602,0,0,0,0,0,0,0,75.7,0,-0.01,-0.76,0,0,66,0,7387114,19,18,0,0,2,0
2024-11-29,16:10:36.991,0,0,0,0,0,0,0,75.7,0,0,0,0,0,66,0,7387114,19,18,0,0,2,0
2024-11-29,16:10:37.398,0,0,0,0,0,0,0,75.7,0,0,0,0,0,66,0,7387114,19,18,0,0,2,0
2024-11-29,16:10:37.801,0,0,0,0,0,0,0,75.7,0,0,0,0,0,66,0,7387114,19,18,0,0,2,0
2024-11-29,16:10:38.192,0,0,0,0,0,0,0,75.7,0,0,0,0,0,66,0,7387114,19,18,0,0,2,0
2024-11-29,16:10:38.595,0,0,0,0,0,0,0,75.7,0,0,0,0,0,66,0,7387114,19,18,0,0,2,0
2024-11-29,16:10:39.003,0,0,0,0,0,0,0,75.7,0,0,0,0,0,66,0,7387114,19,18,0,0,2,0
2024-11-29,16:10:39.401,0,0,0,0,0,0,0,75.69,0,0.02,1.51,0,0,65,0,7387114,19,18,0,0,2,0
2024-11-29,16:10:39.803,0,0,0,0,0,0,0,75.69,0,0.01,0.76,0,0,65,0,7387114,19,18,0,0,2,0
2024-11-29,16:10:40.204,0,0,0,0,0,0,0,75.69,0,0,0,0,0,65,0,7387114,19,18,0,0,2,0
2024-11-29,16:10:40.592,0,0,0,0,0,0,0,75.69,0,0,0,0,0,65,0,7387114,19,18,0,0,2,0
2024-11-29,16:10:40.994,0,0,0,0,0,0,0,75.69,0,0,0,0,0,65,0,7387114,19,18,0,0,2,0
2024-11-29,16:10:41.401,0,0,0,0,0,0,0,75.69,0,0,0,0,0,65,0,7387114,19,18,0,0,2,0
2024-11-29,16:10:41.789,0,0,0,0,0,0,0,75.69,0,0.02,1.51,0,0,65,0,7387114,19,18,0,0,2,0
2024-11-29,16:10:42.195,0,0,0,0,0,0,0,75.7,0,0,0,0,0,66,0,7387114,19,18,0,0,2,0
2024-11-29,16:10:42.602,0,0,0,0,0,0,0,75.7,0,-0.02,-1.51,0,0,66,0,7387114,19,18,0,0,2,0
2024-11-29,16:10:42.994,0,0,0,0,0,0,0,75.7,0,0,0,0,0,66,0,7387114,19,18,0,0,2,0
2024-11-29,16:10:43.397,0,0,0,0,0,0,0,75.71,0,0,0,0,0,66,0,7387114,19,18,0,0,2,0
2024-11-29,16:10:43.799,0,0,0,0,0,0,0,75.71,0,-0.01,-0.76,0,0,66,0,7387114,19,18,0,0,2,0
2024-11-29,16:10:44.189,0,0,0,0,0,0,0,75.71,0,0,0,0,0,66,0,7387114,19,18,0,0,2,0
2024-11-29,16:10:44.595,0,0,0,0,0,0,0,75.71,0,0,0,0,0,66,0,7387114,19,18,0,0,2,0
2024-11-29,16:10:44.999,0,0,0,0,0,0,0,75.71,0,0.04,3.03,0,0,66,0,7387114,19,18,0,0,2,0
2024-11-29,16:10:45.393,0,0,0,0,0,0,0,75.71,0,0,0,0,0,66,0,7387114,19,18,0,0,2,0
2024-11-29,16:10:45.794,0,0,0,0,0,0,0,75.71,0,0,0,0,0,66,0,7387114,19,18,0,0,2,0
2024-11-29,16:10:46.202,0,0,0,0,0,0,0,75.71,0,0,0,0,0,66,0,7387114,19,18,0,0,2,0
2024-11-29,16:10:46.590,0,0,0,0,0,0,0,75.71,0,0,0,0,0,66,0,7387114,19,18,0,0,2,0
2024-11-29,16:10:46.995,0,0,0,0,0,0,0,75.71,0,0,0,0,0,66,0,7387114,19,18,0,0,2,0
2024-11-29,16:10:47.399,0,0,0,0,0,0,0,75.71,0,0,0,0,0,66,0,7387114,19,18,0,0,2,0
2024-11-29,16:10:47.791,0,0,0,0,0,0,0,75.71,0,0,0,0,0,66,0,7387114,19,18,0,0,2,0
2024-11-29,16:10:48.194,0,0,0,0,0,0,0,75.71,0,0,0,0,0,66,0,7387114,19,18,0,0,2,0
2024-11-29,16:10:48.600,0,0,0,0,0,0,0,75.71,0,0,0,0,0,66,0,7387114,19,18,0,0,2,0
2024-11-29,16:10:48.990,0,0,0,0,0,0,0,75.71,0,0,0,0,0,66,0,7387114,19,18,0,0,2,0
2024-11-29,16:10:49.396,0,0,0,0,0,0,0,75.71,0,0.02,1.51,0,0,66,0,7387114,19,18,0,0,2,0
2024-11-29,16:10:49.799,0,0,0,0,0,0,0,75.71,0,0.04,3.03,0,0,66,0,7387114,19,18,0,0,2,0
2024-11-29,16:10:50.193,0,0,0,0,0,0,0,75.71,0,0.02,1.51,0,0,66,0,7387114,19,18,0,0,2,0
2024-11-29,16:10:50.598,0,0,0,0,0,0,0,75.71,0,0,0,0,0,66,0,7387114,19,18,0,0,2,0
2024-11-29,16:10:51.002,0,0,0,0,0,0,0,75.71,0,0.05,3.79,0,0,66,0,7387114,19,18,0,0,2,0
2024-11-29,16:10:51.392,0,0,0,0,0,0,0,75.71,0,0,0,0,0,66,0,7387114,19,18,0,0,2,0
2024-11-29,16:10:51.801,0,0,0,0,0,0,0,75.71,0,0,0,0,0,66,0,7387114,19,18,0,0,2,0
2024-11-29,16:10:52.200,0,0,0,0,0,0,0,75.71,0,0,0,0,0,66,0,7387114,19,18,0,0,2,0
2024-11-29,16:10:52.599,0,0,0,0,0,0,0,75.71,0,0,0,0,0,66,0,7387114,19,18,0,0,2,0
2024-11-29,16:10:52.995,0,0,0,0,0,0,0,75.71,0,0,0,0,0,66,0,7387114,19,18,0,0,2,0
2024-11-29,16:10:53.401,0,0,0,0,0,0,0,75.71,0,0,0,0,0,66,0,7387114,19,18,0,0,2,0
2024-11-29,16:10:53.790,0,0,0,0,0,0,0,75.71,0,0,0,0,0,66,0,7387114,19,18,0,0,2,0
2024-11-29,16:10:54.196,0,0,0,0,0,0,0,75.71,0,0.01,0.76,0,0,66,0,7387114,19,18,0,0,2,0
2024-11-29,16:10:54.604,0,0,0,0,0,0,0,75.71,0,0,0,0,0,66,0,7387114,19,18,0,0,2,0
2024-11-29,16:10:54.994,0,0,0,0,0,0,0,75.71,0,0,0,0,0,66,0,7387114,19,18,0,0,2,0
2024-11-29,16:10:55.394,0,0,0,0,0,0,0,75.71,0,0,0,0,0,66,0,7387114,19,18,0,0,2,0
2024-11-29,16:10:55.799,0,0,0,0,0,0,0,75.71,0,0,0,0,0,66,0,7387114,19,18,0,0,2,0
2024-11-29,16:10:56.197,0,0,0,0,0,0,0.03,75.71,0,0,0,0,1,66,0,7387114,19,18,0,0,2,0
2024-11-29,16:10:56.597,0,0,0,0,0,0,1.02,75.71,0,0.04,3.03,0,3,66,0,7387114,19,18,0,0,2,0
2024-11-29,16:10:57.002,0,0,0,0,0,0,1.61,75.71,0,0.01,0.76,0,3,66,0,7387114,19,18,0,0,2,0
2024-11-29,16:10:57.393,0,0,0,0,0,0,1.38,75.71,0,0,0,0,1,66,1,7387115,19,18,0,0,2,0
2024-11-29,16:10:57.796,0,0,0,0,0,0,0.47,75.71,0,0,0,0,0,66,1,7387115,19,18,0,0,2,0
2024-11-29,16:10:58.202,0,0,0,0,0,0,0.05,75.71,0,0,0,0,0,66,1,7387115,19,18,0,0,2,0
2024-11-29,16:10:58.591,0,0,0,0,0,0,0,75.71,0,0,0,0,1,66,1,7387115,19,18,0,0,2,0
2024-11-29,16:10:58.996,0,0,0,0,0,0,0,75.71,0,0,0,0,0,66,1,7387115,19,18,0,0,2,0
2024-11-29,16:10:59.400,0,0,0,0,0,0,0,75.71,0,0,0,0,1,66,1,7387115,19,18,0,0,2,0
2024-11-29,16:10:59.791,0,0,0,0,0,0,0,75.71,0,-0.02,-1.51,0,0,66,1,7387115,19,18,0,0,2,0
2024-11-29,16:11:00.195,0,0,0,0,0,0,0,75.71,0,0,0,0,0,66,1,7387115,19,18,0,0,2,0
2024-11-29,16:11:00.608,0,0,0,0,0,0,0,75.71,0,0,0,0,0,66,1,7387115,19,18,0,0,2,0
2024-11-29,16:11:01.005,0,0,0,0,0,0,0,75.71,0,0,0,0,0,66,1,7387115,19,18,0,0,2,0
2024-11-29,16:11:01.394,0,0,0,0,0,0,0,75.71,0,0,0,0,0,66,1,7387115,19,18,0,0,2,0
2024-11-29,16:11:01.799,0,0,0,0,0,0,0,75.71,0,0,0,0,0,66,1,7387115,19,18,0,0,2,0
2024-11-29,16:11:02.204,0,0,0,0,0,0,0,75.71,0,0,0,0,0,66,1,7387115,19,18,0,0,2,0
2024-11-29,16:11:02.595,0,0,0,0,0,0,0,75.71,0,0,0,0,1,66,1,7387115,19,18,0,0,2,0
2024-11-29,16:11:03.000,0,0,0,0,0,0,0,75.71,0,0,0,0,1,66,1,7387115,19,18,0,0,2,0
2024-11-29,16:11:03.406,0,0,0,0,0,0,0,75.71,0,0,0,0,1,66,1,7387115,19,18,0,0,2,0
2024-11-29,16:11:03.797,0,0,0,0,0,0,0,75.71,0,0,0,0,0,66,1,7387115,19,18,0,0,2,0
2024-11-29,16:11:04.203,0,0,0,0,0,0,0,75.71,0,0,0,0,0,66,1,7387115,19,18,0,0,2,0
2024-11-29,16:11:04.606,0,0,0,0,0,0,0,75.71,0,0.03,2.27,0,0,66,1,7387115,19,18,0,0,2,0
2024-11-29,16:11:05.012,0,0,0,0,0,0,0,75.71,0,0,0,0,0,66,1,7387115,19,18,0,0,2,0
2024-11-29,16:11:05.401,0,0,0,0,0,0,0,75.71,0,0,0,0,0,66,1,7387115,19,18,0,0,2,0
2024-11-29,16:11:05.806,0,0,0,0,0,0,0,75.71,0,0,0,0,0,66,1,7387115,19,18,0,0,2,0
2024-11-29,16:11:06.196,0,0,0,0,0,0,0,75.71,0,0,0,0,0,66,1,7387115,19,18,0,0,2,0
2024-11-29,16:11:06.600,0,0,0,0,0,0,0,75.71,0,0,0,0,0,66,1,7387115,19,18,0,0,2,0
2024-11-29,16:11:07.006,0,0,0,0,0,0,0,75.71,0,0,0,0,0,66,1,7387115,19,18,0,0,2,0
2024-11-29,16:11:07.398,0,0,0,0,0,0,0,75.71,0,0,0,0,0,66,1,7387115,19,18,0,0,2,0
2024-11-29,16:11:07.799,0,0,0,0,0,0,0,75.71,0,0,0,0,0,66,1,7387115,19,18,0,0,2,0
2024-11-29,16:11:08.211,0,0,0,0,0,0,0,75.72,0,0.02,1.51,0,0,66,1,7387115,19,18,0,0,2,0
2024-11-29,16:11:08.595,0,0,0,0,0,0,0,75.72,0,0,0,0,0,66,1,7387115,19,18,0,0,2,0
2024-11-29,16:11:09.018,0,0,0,0,0,0,0,75.72,0,0,0,0,0,66,1,7387115,19,18,0,0,2,0
2024-11-29,16:11:09.421,0,0,0,0,0,0,0,75.71,0,0,0,0,0,66,1,7387115,19,18,0,0,2,0
2024-11-29,16:11:09.798,0,0,0,0,0,0,0,75.71,0,0,0,0,0,66,1,7387115,19,18,0,0,2,0
2024-11-29,16:11:10.200,0,0,0,0,0,0,0,75.72,0,0,0,0,0,66,1,7387115,19,18,0,0,2,0
2024-11-29,16:11:10.638,0,0,0,0,0,0,0,75.72,0,0,0,0,0,66,1,7387115,19,18,0,0,2,0
2024-11-29,16:11:11.010,0,0,0,0,0,0,0,75.72,0,0,0,0,0,66,1,7387115,19,18,0,0,2,0
2024-11-29,16:11:11.400,0,0,0,0,0,0,0,75.72,0,0,0,0,0,66,1,7387115,19,18,0,0,2,0
2024-11-29,16:11:11.823,0,0,0,0,0,0,0,75.72,0,0,0,0,0,66,1,7387115,19,18,0,0,2,0
2024-11-29,16:11:12.198,0,0,0,0,0,0,0,75.72,0,0,0,0,0,66,1,7387115,19,18,0,0,2,0
2024-11-29,16:11:12.600,0,0,0,0,0,0,0,75.72,0,0,0,0,0,66,1,7387115,19,18,0,0,2,0
2024-11-29,16:11:13.008,0,0,0,0,0,0,0,75.72,0,0,0,0,0,66,1,7387115,19,18,0,0,2,0
2024-11-29,16:11:13.397,0,0,0,0,0,0,0,75.72,0,0.01,0.76,0,0,66,1,7387115,19,18,0,0,2,0
2024-11-29,16:11:13.807,0,0,0,0,0,0,0,75.72,0,0,0,0,0,66,1,7387115,19,18,0,0,2,0
2024-11-29,16:11:14.222,0,0,0,0,0,0,0,75.72,0,-0.04,-3.03,0,0,66,1,7387115,19,18,0,0,2,0
2024-11-29,16:11:14.596,0,0,0,0,0,0,0,75.72,0,0.05,3.79,0,1,66,1,7387115,19,18,0,0,2,0
2024-11-29,16:11:15.002,0,0,0,0,0,0,0.42,75.72,0,0,0,0,2,66,1,7387115,19,18,0,0,2,0
2024-11-29,16:11:15.407,0,0,0,0,0,0,0.77,75.73,0,0,0,0,1,66,1,7387115,19,18,0,0,2,0
2024-11-29,16:11:15.795,0,0,0,0,0,0,0.25,75.73,0,0,0,0,0,66,1,7387115,19,18,0,0,2,0
2024-11-29,16:11:16.200,0,0,0,0,0,0,0.02,75.73,0,0,0,0,0,66,1,7387115,19,18,0,0,2,0
2024-11-29,16:11:16.651,0,0,0,0,0,0,0,75.73,0,0,0,0,1,66,1,7387115,19,18,0,0,2,0
2024-11-29,16:11:17.009,0,0,0,0,0,0,0.97,75.72,0,0.11,8.33,0,3,66,1,7387115,19,18,0,0,2,0
2024-11-29,16:11:17.403,0,0,0,0,0,0,2.45,75.71,0,0.11,8.33,0,5,66,2,7387116,19,18,0,0,2,0
2024-11-29,16:11:17.806,0,0,0,0,0,0,3.87,75.7,0,0.12,9.08,0,8,66,2,7387116,19,18,0,0,2,0
2024-11-29,16:11:18.195,0,0,0,0,0,0,4.24,75.71,0,0.03,2.27,0,7,66,3,7387117,19,18,0,0,2,0
2024-11-29,16:11:18.599,0,0,0,0,0,0,4.26,75.71,0,0.01,0.76,0,7,66,3,7387117,19,18,0,0,2,0
2024-11-29,16:11:19.020,0,0,0,0,0,0,4.83,75.68,0,0.11,8.32,0,9,65,4,7387118,19,18,0,0,2,0
2024-11-29,16:11:19.395,0,0,0,0,0,0,5,75.68,0,0.09,6.81,0,9,65,4,7387118,19,18,0,0,2,0
2024-11-29,16:11:19.802,0,0,0,0,0,0,5.02,75.69,0,0.05,3.78,0,8,65,5,7387119,19,18,0,0,2,0
2024-11-29,16:11:20.219,0,0,0,0,0,0,5.07,75.7,0,0.01,0.76,0,9,66,5,7387119,19,18,0,0,2,0
2024-11-29,16:11:20.594,0,0,0,0,0,0,5.07,75.69,0,0.07,5.3,0,9,65,6,7387120,19,18,0,0,2,0
2024-11-29,16:11:21.001,0,0,0,0,0,0,5.01,75.7,0,0.04,3.03,0,8,66,6,7387120,19,18,0,0,2,0
2024-11-29,16:11:21.423,0,0,0,0,0,0,4.75,75.7,0,0,0,0,8,66,7,7387121,19,18,0,0,2,0
2024-11-29,16:11:21.795,0,0,0,0,0,0,4.4,75.7,0,0.02,1.51,0,7,66,7,7387121,19,18,0,0,2,0
2024-11-29,16:11:22.202,0,0,0,0,0,0,4.6,75.7,0,0.05,3.79,0,8,66,8,7387122,19,18,0,0,2,0
2024-11-29,16:11:22.604,0,0,0,0,0,0,4.53,75.7,0,0,0,0,8,66,8,7387122,19,18,0,0,2,0
2024-11-29,16:11:23.011,0,0,0,0,0,0,3.87,75.72,0,0,0,0,5,66,9,7387123,19,18,0,0,2,0
2024-11-29,16:11:23.400,0,0,0,0,0,0,2.94,75.72,0,-0.01,-0.76,0,3,66,9,7387123,19,18,0,0,2,0
2024-11-29,16:11:23.808,0,0,0,0,0,0,1.44,75.72,0,0,0,0,0,66,9,7387123,19,18,0,0,2,0
2024-11-29,16:11:24.196,0,0,0,0,0,0,0.22,75.72,0,0,0,0,0,66,9,7387123,19,18,0,0,2,0
2024-11-29,16:11:24.603,0,0,0,0,0,0,0.02,75.72,0,0,0,0,1,66,9,7387123,19,18,0,0,2,0
2024-11-29,16:11:25.008,0,0,0,0,0,0,0,75.72,0,0,0,0,1,66,9,7387123,19,18,0,0,2,0
2024-11-29,16:11:25.399,0,0,0,0,0,0,0.62,75.7,0,0.08,6.06,0,3,66,9,7387123,19,18,0,0,2,0
2024-11-29,16:11:25.802,0,0,0,0,0,0,2.23,75.7,0,0.07,5.3,0,5,66,10,7387124,19,18,0,0,2,0
2024-11-29,16:11:26.205,0,0,0,0,0,0,2.83,75.7,0,0.01,0.76,0,5,66,10,7387124,19,18,0,0,2,0
2024-11-29,16:11:26.598,0,0,0,0,0,0,2.71,75.7,0,0.03,2.27,0,5,66,10,7387124,19,18,0,0,2,0
2024-11-29,16:11:27.000,0,0,0,0,0,0,3.02,75.71,0,0,0,0,5,66,11,7387125,19,18,0,0,2,0
2024-11-29,16:11:27.405,0,0,0,0,0,0,2.83,75.71,0,0,0,0,4,66,11,7387125,19,18,0,0,2,0
2024-11-29,16:11:27.797,0,0,0,0,0,0,2.1,75.72,0,0,0,0,2,66,11,7387125,19,18,0,0,2,0
2024-11-29,16:11:28.203,0,0,0,0,0,0,1.2,75.72,0,0,0,0,1,66,11,7387125,19,18,0,0,2,0
2024-11-29,16:11:28.608,0,0,0,0,0,0,0.3,75.72,0,0,0,0,0,66,11,7387125,19,18,0,0,2,0
2024-11-29,16:11:28.996,0,0,0,0,0,0,0.03,75.72,0,0,0,0,0,66,11,7387125,19,18,0,0,2,0
2024-11-29,16:11:29.402,0,0,0,0,0,0,0,75.72,0,0,0,0,0,66,11,7387125,19,18,0,0,2,0
2024-11-29,16:11:29.806,0,0,0,0,0,0,0,75.72,0,-0.01,-0.76,0,0,66,11,7387125,19,18,0,0,2,0
2024-11-29,16:11:30.199,0,0,0,0,0,0,0,75.72,0,-0.01,-0.76,0,0,66,11,7387125,19,18,0,0,2,0
2024-11-29,16:11:30.601,0,0,0,0,0,0,0,75.73,0,0,0,0,0,66,11,7387125,19,18,0,0,2,0
2024-11-29,16:11:31.005,0,0,0,0,0,0,0,75.73,0,0,0,0,0,66,11,7387125,19,18,0,0,2,0
2024-11-29,16:11:31.399,0,0,0,0,0,0,0,75.73,0,0,0,0,0,66,11,7387125,19,18,0,0,2,0
2024-11-29,16:11:31.803,0,0,0,0,0,0,0,75.73,0,0,0,0,0,66,11,7387125,19,18,0,0,2,0
2024-11-29,16:11:32.205,0,0,0,0,0,0,0,75.73,0,0,0,0,0,66,11,7387125,19,18,0,0,2,0
2024-11-29,16:11:32.597,0,0,0,0,0,0,0,75.73,0,0,0,0,0,66,11,7387125,19,18,0,0,2,0
2024-11-29,16:11:33.005,0,0,0,0,0,0,0,75.73,0,0,0,0,0,66,11,7387125,19,18,0,0,2,0
2024-11-29,16:11:33.405,0,0,0,0,0,0,0,75.73,0,0,0,0,0,66,11,7387125,19,18,0,0,2,0
2024-11-29,16:11:33.794,0,0,0,0,0,0,0,75.73,0,0.01,0.76,0,0,66,11,7387125,19,18,0,0,2,0
2024-11-29,16:11:34.202,0,0,0,0,0,0,0,75.73,0,0,0,0,0,66,11,7387125,19,18,0,0,2,0
2024-11-29,16:11:34.607,0,0,0,0,0,0,0,75.73,0,0,0,0,0,66,11,7387125,19,18,0,0,2,0
2024-11-29,16:11:34.997,0,0,0,0,0,0,0,75.73,0,0.06,4.54,0,0,66,11,7387125,19,18,0,0,2,0
2024-11-29,16:11:35.404,0,0,0,0,0,0,0,75.73,0,0,0,0,0,66,11,7387125,19,18,0,0,2,0
2024-11-29,16:11:35.805,0,0,0,0,0,0,0,75.73,0,0,0,0,1,66,11,7387125,19,18,0,0,2,0
2024-11-29,16:11:36.195,0,0,0,0,0,0,0,75.73,0,0,0,0,1,66,11,7387125,19,18,0,0,2,0
2024-11-29,16:11:36.611,0,0,0,0,0,0,0,75.73,0,0,0,0,0,66,11,7387125,19,18,0,0,2,0
2024-11-29,16:11:37.005,0,0,0,0,0,0,0,75.73,0,0.03,2.27,0,0,66,11,7387125,19,18,0,0,2,0
2024-11-29,16:11:37.395,0,0,0,0,0,0,0,75.73,0,0,0,0,0,66,11,7387125,19,18,0,0,2,0
2024-11-29,16:11:37.801,0,0,0,0,0,0,0,75.73,0,0,0,0,0,66,11,7387125,19,18,0,0,2,0
2024-11-29,16:11:38.212,0,0,0,0,0,0,0,75.73,0,0.05,3.79,0,0,66,11,7387125,19,18,0,0,2,0
2024-11-29,16:11:38.600,0,0,0,0,0,0,0,75.73,0,0.03,2.27,0,0,66,11,7387125,19,18,0,0,2,0
2024-11-29,16:11:39.006,0,0,0,0,0,0,0,75.73,0,0,0,0,0,66,11,7387125,19,18,0,0,2,0
2024-11-29,16:11:39.411,0,0,0,0,0,0,0,75.73,0,0,0,0,0,66,11,7387125,19,18,0,0,2,0
2024-11-29,16:11:39.800,0,0,0,0,0,0,0,75.73,0,0,0,0,0,66,11,7387125,19,18,0,0,2,0
2024-11-29,16:11:40.203,0,0,0,0,0,0,0,75.73,0,0,0,0,0,66,11,7387125,19,18,0,0,2,0
2024-11-29,16:11:40.609,0,0,0,0,0,0,0,75.73,0,0,0,0,0,66,11,7387125,19,18,0,0,2,0
2024-11-29,16:11:40.996,0,0,0,0,0,0,0,75.73,0,0,0,0,0,66,11,7387125,19,18,0,0,2,0
2024-11-29,16:11:41.403,0,0,0,0,0,0,0,75.73,0,0,0,0,0,66,11,7387125,19,18,0,0,2,0
2024-11-29,16:11:41.806,0,0,0,0,0,0,0,75.73,0,0,0,0,0,66,11,7387125,19,18,0,0,2,0
2024-11-29,16:11:42.199,0,0,0,0,0,0,0,75.73,0,0,0,0,0,66,11,7387125,19,18,0,0,2,0
2024-11-29,16:11:42.601,0,0,0,0,0,0,0,75.73,0,0,0,0,0,66,11,7387125,19,18,0,0,2,0
2024-11-29,16:11:43.007,0,0,0,0,0,0,0,75.73,0,0,0,0,0,66,11,7387125,19,18,0,0,2,0
2024-11-29,16:11:43.397,0,0,0,0,0,0,0,75.73,0,-0.03,-2.27,0,1,66,11,7387125,19,18,0,0,2,0
2024-11-29,16:11:43.802,0,0,0,0,0,0,0,75.73,0,0,0,0,0,66,11,7387125,19,18,0,0,2,0
2024-11-29,16:11:44.208,0,0,0,0,0,0,0.01,75.72,0,-0.07,-5.3,0,1,66,11,7387125,19,18,0,0,2,0
2024-11-29,16:11:44.594,0,0,0,0,0,0,0.96,75.72,0,0.02,1.51,0,3,66,12,7387126,19,18,0,0,2,0
2024-11-29,16:11:45.003,0,0,0,0,0,0,1.28,75.71,0,0.09,6.81,0,3,66,12,7387126,19,18,0,0,2,0
2024-11-29,16:11:45.406,0,0,0,0,0,0,0.57,75.67,0,0.17,12.86,0,3,65,12,7387126,19,18,0,0,2,0
2024-11-29,16:11:45.796,0,0,0,0,0,0,1.51,75.72,0,0,0,0,2,66,12,7387126,19,18,0,0,2,0
2024-11-29,16:11:46.203,0,0,0,0,0,0,1.41,75.72,0,0,0,0,1,66,12,7387126,19,18,0,0,2,0
2024-11-29,16:11:46.605,0,0,0,0,0,0,1.11,75.72,0,0,0,0,2,66,12,7387126,19,18,0,0,2,0
2024-11-29,16:11:46.997,0,0,0,0,0,0,1.18,75.72,0,0.01,0.76,0,2,66,12,7387126,19,18,0,0,2,0
2024-11-29,16:11:47.403,0,0,0,0,0,0,1.69,75.72,0,0,0,0,4,66,13,7387127,19,18,0,0,2,0
2024-11-29,16:11:47.809,0,0,0,0,0,0,1.71,75.72,0,0.01,0.76,0,2,66,13,7387127,19,18,0,0,2,0
2024-11-29,16:11:48.194,0,0,0,0,0,0,1.74,75.72,0,0,0,0,3,66,13,7387127,19,18,0,0,2,0
2024-11-29,16:11:48.600,0,0,0,0,0,0,1.64,75.72,0,0,0,0,3,66,13,7387127,19,18,0,0,2,0
2024-11-29,16:11:49.004,0,0,0,0,0,0,1.41,75.72,0,0,0,0,1,66,13,7387127,19,18,0,0,2,0
2024-11-29,16:11:49.395,0,0,0,0,0,0,0.57,75.72,0,0,0,0,0,66,13,7387127,19,18,0,0,2,0
2024-11-29,16:11:49.799,0,0,0,0,0,0,0.07,75.72,0,0,0,0,0,66,13,7387127,19,18,0,0,2,0
2024-11-29,16:11:50.207,0,0,0,0,0,0,0,75.72,0,0,0,0,1,66,13,7387127,19,18,0,0,2,0
2024-11-29,16:11:50.595,0,0,0,0,0,0,0,75.72,0,0.03,2.27,0,1,66,13,7387127,19,18,0,0,2,0
2024-11-29,16:11:51.002,0,0,0,0,0,0,0,75.72,0,0,0,0,1,66,13,7387127,19,18,0,0,2,0
2024-11-29,16:11:51.407,0,0,0,0,0,0,0,75.72,0,0,0,0,1,66,13,7387127,19,18,0,0,2,0
2024-11-29,16:11:51.799,0,0,0,0,0,0,0,75.72,0,0,0,0,1,66,13,7387127,19,18,0,0,2,0
2024-11-29,16:11:52.204,0,0,0,0,0,0,0,75.72,0,0,0,0,1,66,13,7387127,19,18,0,0,2,0
2024-11-29,16:11:52.607,0,0,0,0,0,0,0,75.72,0,-0.01,-0.76,0,1,66,13,7387127,19,18,0,0,2,0
2024-11-29,16:11:52.996,0,0,0,0,0,0,0,75.72,0,0,0,0,0,66,13,7387127,19,18,0,0,2,0
2024-11-29,16:11:53.402,0,0,0,0,0,0,0,75.72,0,0,0,0,0,66,13,7387127,19,18,0,0,2,0
2024-11-29,16:11:53.811,0,0,0,0,0,0,0,75.72,0,0,0,0,0,66,13,7387127,19,18,0,0,2,0
2024-11-29,16:11:54.196,0,0,0,0,0,0,0,75.72,0,0.01,0.76,0,0,66,13,7387127,19,18,0,0,2,0
2024-11-29,16:11:54.599,0,0,0,0,0,0,0.04,75.72,0,0,0,0,1,66,14,7387128,19,18,0,0,2,0
2024-11-29,16:11:55.012,0,0,0,0,0,0,1.03,75.72,0,0,0,0,3,66,14,7387128,19,18,0,0,2,0
2024-11-29,16:11:55.397,0,0,0,0,0,0,0.77,75.72,0,0,0,0,1,66,14,7387128,19,18,0,0,2,0
2024-11-29,16:11:55.807,0,0,0,0,0,0,0.11,75.72,0,0,0,0,0,66,14,7387128,19,18,0,0,2,0
2024-11-29,16:11:56.210,0,0,0,0,0,0,0,75.72,0,0.03,2.27,0,0,66,14,7387128,19,18,0,0,2,0
2024-11-29,16:11:56.596,0,0,0,0,0,0,0,75.72,0,0.01,0.76,0,0,66,14,7387128,19,18,0,0,2,0
2024-11-29,16:11:57.004,0,0,0,0,0,0,0,75.72,0,0,0,0,0,66,14,7387128,19,18,0,0,2,0
2024-11-29,16:11:57.411,0,0,0,0,0,0,0,75.72,0,0,0,0,0,66,14,7387128,19,18,0,0,2,0
2024-11-29,16:11:57.799,0,0,0,0,0,0,0,75.71,0,0.04,3.03,0,0,66,14,7387128,19,18,0,0,2,0
2024-11-29,16:11:58.202,0,0,0,0,0,0,0,75.71,0,0.02,1.51,0,0,66,14,7387128,19,18,0,0,2,0
2024-11-29,16:11:58.606,0,0,0,0,0,0,0,75.71,0,0.01,0.76,0,0,66,14,7387128,19,18,0,0,2,0
2024-11-29,16:11:58.995,0,0,0,0,0,0,0,75.71,0,0,0,0,0,66,14,7387128,19,18,0,0,2,0
2024-11-29,16:11:59.403,0,0,0,0,0,0,0,75.71,0,0,0,0,0,66,14,7387128,19,18,0,0,2,0
2024-11-29,16:11:59.808,0,0,0,0,0,0,0,75.71,0,0.01,0.76,0,0,66,14,7387128,19,18,0,0,2,0
2024-11-29,16:12:00.210,0,0,0,0,0,0,0,75.72,0,0.01,0.76,0,0,66,14,7387128,19,18,0,0,2,0
2024-11-29,16:12:00.601,0,0,0,0,0,0,0,75.72,0,0.02,1.51,0,0,66,14,7387128,19,18,0,0,2,0
2024-11-29,16:12:01.008,0,0,0,0,0,0,0,75.72,0,0.01,0.76,0,0,66,14,7387128,19,18,0,0,2,0
2024-11-29,16:12:01.416,0,0,0,0,0,0,0,75.72,0,0.08,6.06,0,0,66,14,7387128,19,18,0,0,2,0
2024-11-29,16:12:01.804,0,0,0,0,0,0,0,75.72,0,0.03,2.27,0,0,66,14,7387128,19,18,0,0,2,0
2024-11-29,16:12:02.208,0,0,0,0,0,0,0,75.72,0,0.05,3.79,0,0,66,14,7387128,19,18,0,0,2,0
2024-11-29,16:12:02.610,0,0,0,0,0,0,0,75.72,0,0.03,2.27,0,0,66,14,7387128,19,18,0,0,2,0
2024-11-29,16:12:03.001,0,0,0,0,0,0,0,75.72,0,0.02,1.51,0,0,66,14,7387128,19,18,0,0,2,0
2024-11-29,16:12:03.406,0,0,0,0,0,0,0,75.72,0,0,0,0,0,66,14,7387128,19,18,0,0,2,0
2024-11-29,16:12:03.814,0,0,0,0,0,0,0,75.72,0,0.01,0.76,0,0,66,14,7387128,19,18,0,0,2,0
2024-11-29,16:12:04.204,0,0,0,0,0,0,0,75.72,0,0,0,0,0,66,14,7387128,19,18,0,0,2,0
2024-11-29,16:12:04.611,0,0,0,0,0,0,0,75.72,0,0,0,0,0,66,14,7387128,19,18,0,0,2,0
2024-11-29,16:12:05.012,0,0,0,0,0,0,0,75.72,0,0,0,0,0,66,14,7387128,19,18,0,0,2,0
2024-11-29,16:12:05.400,0,0,0,0,0,0,0,75.72,0,0,0,0,0,66,14,7387128,19,18,0,0,2,0
2024-11-29,16:12:05.807,0,0,0,0,0,0,0,75.72,0,0,0,0,0,66,14,7387128,19,18,0,0,2,0
2024-11-29,16:12:06.214,0,0,0,0,0,0,0,75.72,0,0,0,0,0,66,14,7387128,19,18,0,0,2,0
2024-11-29,16:12:06.599,0,0,0,0,0,0,0,75.72,0,0,0,0,0,66,14,7387128,19,18,0,0,2,0
2024-11-29,16:12:07.008,0,0,0,0,0,0,0,75.72,0,0,0,0,0,66,14,7387128,19,18,0,0,2,0
2024-11-29,16:12:07.416,0,0,0,0,0,0,0,75.72,0,0,0,0,0,66,14,7387128,19,18,0,0,2,0
2024-11-29,16:12:07.802,0,0,0,0,0,0,0,75.72,0,0,0,0,0,66,14,7387128,19,18,0,0,2,0
2024-11-29,16:12:08.212,0,0,0,0,0,0,0,75.72,0,0,0,0,0,66,14,7387128,19,18,0,0,2,0
2024-11-29,16:12:08.631,0,0,0,0,0,0,0,75.72,0,0,0,0,0,66,14,7387128,19,18,0,0,2,0
2024-11-29,16:12:09.002,0,0,0,0,0,0,0,75.72,0,0,0,0,0,66,14,7387128,19,18,0,0,2,0
2024-11-29,16:12:09.426,0,0,0,0,0,0,0,75.72,0,0,0,0,0,66,14,7387128,19,18,0,0,2,0
2024-11-29,16:12:09.827,0,0,0,0,0,0,0,75.72,0,0,0,0,0,66,14,7387128,19,18,0,0,2,0
2024-11-29,16:12:10.201,0,0,0,0,0,0,0,75.72,0,0,0,0,0,66,14,7387128,19,18,0,0,2,0
2024-11-29,16:12:10.606,0,0,0,0,0,0,0,75.72,0,0,0,0,0,66,14,7387128,19,18,0,0,2,0
2024-11-29,16:12:11.018,0,0,0,0,0,0,0,75.72,0,0,0,0,0,66,14,7387128,19,18,0,0,2,0
2024-11-29,16:12:11.401,0,0,0,0,0,0,0,75.72,0,0,0,0,0,66,14,7387128,19,18,0,0,2,0
2024-11-29,16:12:11.811,0,0,0,0,0,0,0,75.72,0,0,0,0,0,66,14,7387128,19,18,0,0,2,0
2024-11-29,16:12:12.215,0,0,0,0,0,0,0,75.72,0,0,0,0,0,66,14,7387128,19,18,0,0,2,0
2024-11-29,16:12:12.604,0,0,0,0,0,0,0,75.73,0,0,0,0,0,66,14,7387128,19,18,0,0,2,0
2024-11-29,16:12:13.024,0,0,0,0,0,0,0,75.73,0,0,0,0,0,66,14,7387128,19,18,0,0,2,0
2024-11-29,16:12:13.414,0,0,0,0,0,0,0,75.73,0,0,0,0,0,66,14,7387128,19,18,0,0,2,0
2024-11-29,16:12:13.803,0,0,0,0,0,0,0,75.73,0,0,0,0,0,66,14,7387128,19,18,0,0,2,0
2024-11-29,16:12:14.208,0,0,0,0,0,0,0,75.72,0,0,0,0,0,66,14,7387128,19,18,0,0,2,0
2024-11-29,16:12:14.631,0,0,0,0,0,0,0,75.72,0,0,0,0,0,66,14,7387128,19,18,0,0,2,0
2024-11-29,16:12:15.000,0,0,0,0,0,0,0,75.72,0,0,0,0,0,66,14,7387128,19,18,0,0,2,0
2024-11-29,16:12:15.411,0,0,0,0,0,0,0,75.72,0,0,0,0,0,66,14,7387128,19,18,0,0,2,0
2024-11-29,16:12:15.813,0,0,0,0,0,0,0,75.72,0,0,0,0,0,66,14,7387128,19,18,0,0,2,0
2024-11-29,16:12:16.204,0,0,0,0,0,0,0,75.72,0,0,0,0,0,66,14,7387128,19,18,0,0,2,0
2024-11-29,16:12:16.606,0,0,0,0,0,0,0,75.72,0,0,0,0,0,66,14,7387128,19,18,0,0,2,0
2024-11-29,16:12:17.013,0,0,0,0,0,0,0,75.72,0,0,0,0,0,66,14,7387128,19,18,0,0,2,0
2024-11-29,16:12:17.404,0,0,0,0,0,0,0,75.72,0,0,0,0,0,66,14,7387128,19,18,0,0,2,0
2024-11-29,16:12:17.811,0,0,0,0,0,0,0,75.72,0,0,0,0,0,66,14,7387128,19,18,0,0,2,0
2024-11-29,16:12:18.228,0,0,0,0,0,0,0,75.72,0,0,0,0,0,66,14,7387128,19,18,0,0,2,0
2024-11-29,16:12:18.601,0,0,0,0,0,0,0,75.72,0,0,0,0,0,66,14,7387128,19,18,0,0,2,0
2024-11-29,16:12:19.008,0,0,0,0,0,0,0,75.72,0,0,0,0,0,66,14,7387128,19,18,0,0,2,0
2024-11-29,16:12:19.417,0,0,0,0,0,0,0,75.72,0,0,0,0,0,66,14,7387128,19,18,0,0,2,0
2024-11-29,16:12:19.811,0,0,0,0,0,0,0,75.72,0,0,0,0,0,66,14,7387128,19,18,0,0,2,0
2024-11-29,16:12:20.208,0,0,0,0,0,0,0,75.72,0,0,0,0,0,66,14,7387128,19,18,0,0,2,0
2024-11-29,16:12:20.663,0,0,0,0,0,0,0,75.72,0,0,0,0,0,66,14,7387128,19,18,0,0,2,0
2024-11-29,16:12:21.016,0,0,0,0,0,0,0,75.72,0,0,0,0,0,66,14,7387128,19,18,0,0,2,0
2024-11-29,16:12:21.422,0,0,0,0,0,0,0,75.73,0,0,0,0,0,66,14,7387128,19,18,0,0,2,0
2024-11-29,16:12:21.831,0,0,0,0,0,0,0,75.73,0,0,0,0,0,66,14,7387128,19,18,0,0,2,0
2024-11-29,16:12:22.199,0,0,0,0,0,0,0,75.73,0,0,0,0,0,66,14,7387128,19,18,0,0,2,0
2024-11-29,16:12:22.622,0,0,0,0,0,0,0,75.73,0,0,0,0,0,66,14,7387128,19,18,0,0,2,0
2024-11-29,16:12:23.010,0,0,0,0,0,0,0,75.73,0,0,0,0,0,66,14,7387128,19,18,0,0,2,0
2024-11-29,16:12:23.404,0,0,0,0,0,0,0,75.73,0,0,0,0,0,66,14,7387128,19,18,0,0,2,0
2024-11-29,16:12:23.812,0,0,0,0,0,0,0,75.73,0,0,0,0,0,66,14,7387128,19,18,0,0,2,0
2024-11-29,16:12:24.212,0,0,0,0,0,0,0,75.73,0,0,0,0,0,66,14,7387128,19,18,0,0,2,0
2024-11-29,16:12:24.604,0,0,0,0,0,0,0,75.73,0,0,0,0,0,66,14,7387128,19,18,0,0,2,0
2024-11-29,16:12:25.004,0,0,0,0,0,0,0,75.73,0,0,0,0,0,66,14,7387128,19,18,0,0,2,0
2024-11-29,16:12:25.430,0,0,0,0,0,0,0,75.73,0,0,0,0,0,66,14,7387128,19,18,0,0,2,0
2024-11-29,16:12:25.801,0,0,0,0,0,0,0,75.73,0,0,0,0,0,66,14,7387128,19,18,0,0,2,0
2024-11-29,16:12:26.217,0,0,0,0,0,0,0,75.73,0,0,0,0,0,66,14,7387128,19,18,0,0,2,0
2024-11-29,16:12:26.610,0,0,0,0,0,0,0,75.73,0,0,0,0,0,66,14,7387128,19,18,0,0,2,0
2024-11-29,16:12:27.001,0,0,0,0,0,0,0,75.73,0,0,0,0,0,66,14,7387128,19,18,0,0,2,0
2024-11-29,16:12:27.414,0,0,0,0,0,0,0,75.73,0,0,0,0,0,66,14,7387128,19,18,0,0,2,0
2024-11-29,16:12:27.812,0,0,0,0,0,0,0,75.73,0,0,0,0,0,66,14,7387128,19,18,0,0,2,0
2024-11-29,16:12:28.200,0,0,0,0,0,0,0,75.73,0,0,0,0,0,66,14,7387128,19,18,0,0,2,0
2024-11-29,16:12:28.609,0,0,0,0,0,0,0,75.73,0,0,0,0,0,66,14,7387128,19,18,0,0,2,0
2024-11-29,16:12:29.011,0,0,0,0,0,0,0,75.73,0,0,0,0,0,66,14,7387128,19,18,0,0,2,0
2024-11-29,16:12:29.401,0,0,0,0,0,0,0,75.73,0,0,0,0,0,66,14,7387128,19,18,0,0,2,0
2024-11-29,16:12:29.811,0,0,0,0,0,0,0,75.73,0,0,0,0,0,66,14,7387128,19,18,0,0,2,0
2024-11-29,16:12:30.213,0,0,0,0,0,0,0,75.73,0,0,0,0,0,66,14,7387128,19,18,0,0,2,0
2024-11-29,16:12:30.600,0,0,0,0,0,0,0,75.73,0,0,0,0,0,66,14,7387128,19,18,0,0,2,0
2024-11-29,16:12:31.012,0,0,0,0,0,0,0,75.73,0,0,0,0,0,66,14,7387128,19,18,0,0,2,0
2024-11-29,16:12:31.412,0,0,0,0,0,0,0,75.73,0,-0.01,-0.76,0,0,66,14,7387128,19,18,0,0,2,0
2024-11-29,16:12:31.799,0,0,0,0,0,0,0,75.72,0,0,0,0,0,66,14,7387128,19,18,0,0,2,0
2024-11-29,16:12:32.215,0,0,0,0,0,0,0,75.72,0,0,0,0,0,66,14,7387128,19,18,0,0,2,0
2024-11-29,16:12:32.611,0,0,0,0,0,0,0,75.72,0,0,0,0,0,66,14,7387128,19,18,0,0,2,0
2024-11-29,16:12:33.002,0,0,0,0,0,0,0,75.72,0,0,0,0,0,66,14,7387128,19,18,0,0,2,0
2024-11-29,16:12:33.413,0,0,0,0,0,0,0,75.72,0,0,0,0,0,66,14,7387128,19,18,0,0,2,0
2024-11-29,16:12:33.810,0,0,0,0,0,0,0,75.72,0,0,0,0,0,66,14,7387128,19,18,0,0,2,0
2024-11-29,16:12:34.234,0,0,0,0,0,0,0,75.72,0,0,0,0,0,66,14,7387128,19,18,0,0,2,0
2024-11-29,16:12:34.604,0,0,0,0,0,0,0,75.72,0,0,0,0,0,66,14,7387128,19,18,0,0,2,0
2024-11-29,16:12:35.014,0,0,0,0,0,0,0,75.72,0,0,0,0,0,66,14,7387128,19,18,0,0,2,0
2024-11-29,16:12:35.400,0,0,0,0,0,0,0,75.72,0,0,0,0,0,66,14,7387128,19,18,0,0,2,0
2024-11-29,16:12:35.808,0,0,0,0,0,0,0,75.72,0,-0.02,-1.51,0,0,66,14,7387128,19,18,0,0,2,0
2024-11-29,16:12:36.212,0,0,0,0,0,0,0,75.72,0,0,0,0,0,66,14,7387128,19,18,0,0,2,0
2024-11-29,16:12:36.602,0,0,0,0,0,0,0,75.72,0,0.01,0.76,0,0,66,14,7387128,19,18,0,0,2,0
2024-11-29,16:12:37.026,0,0,0,0,0,0,0,75.72,0,0,0,0,0,66,14,7387128,19,18,0,0,2,0
2024-11-29,16:12:37.409,0,0,0,0,0,0,0,75.72,0,0,0,0,0,66,14,7387128,19,18,0,0,2,0
2024-11-29,16:12:37.804,0,0,0,0,0,0,0,75.73,0,-0.01,-0.76,0,0,66,14,7387128,19,18,0,0,2,0
2024-11-29,16:12:38.210,0,0,0,0,0,0,0,75.73,0,0,0,0,0,66,14,7387128,19,18,0,0,2,0
2024-11-29,16:12:38.613,0,0,0,0,0,0,0,75.73,0,0,0,0,0,66,14,7387128,19,18,0,0,2,0
2024-11-29,16:12:38.999,0,0,0,0,0,0,0,75.73,0,0,0,0,0,66,14,7387128,19,18,0,0,2,0
2024-11-29,16:12:39.409,0,0,0,0,0,0,0,75.73,0,0,0,0,0,66,14,7387128,19,18,0,0,2,0
2024-11-29,16:12:39.809,0,0,0,0,0,0,0,75.73,0,0,0,0,0,66,14,7387128,19,18,0,0,2,0
2024-11-29,16:12:40.201,0,0,0,0,0,0,0,75.73,0,0,0,0,0,66,14,7387128,19,18,0,0,2,0
2024-11-29,16:12:40.609,0,0,0,0,0,0,0,75.73,0,0,0,0,0,66,14,7387128,19,18,0,0,2,0
2024-11-29,16:12:41.044,0,0,0,0,0,0,0,75.73,0,0,0,0,0,66,14,7387128,19,18,0,0,2,0
2024-11-29,16:12:41.402,0,0,0,0,0,0,0,75.73,0,0,0,0,0,66,14,7387128,19,18,0,0,2,0
2024-11-29,16:12:41.810,0,0,0,0,0,0,0,75.73,0,0,0,0,0,66,14,7387128,19,18,0,0,2,0
2024-11-29,16:12:42.212,0,0,0,0,0,0,0,75.73,0,0,0,0,0,66,14,7387128,19,18,0,0,2,0
2024-11-29,16:12:42.601,0,0,0,0,0,0,0,75.73,0,0,0,0,0,66,14,7387128,19,18,0,0,2,0
2024-11-29,16:12:43.007,0,0,0,0,0,0,0,75.73,0,0,0,0,0,66,14,7387128,19,18,0,0,2,0
2024-11-29,16:12:43.413,0,0,0,0,0,0,0,75.73,0,0,0,0,0,66,14,7387128,19,18,0,0,2,0
2024-11-29,16:12:43.803,0,0,0,0,0,0,0,75.73,0,0,0,0,0,66,14,7387128,19,18,0,0,2,0
2024-11-29,16:12:44.206,0,0,0,0,0,0,0,75.73,0,0,0,0,0,66,14,7387128,19,18,0,0,2,0
2024-11-29,16:12:44.644,0,0,0,0,0,0,0,75.73,0,0,0,0,0,66,14,7387128,19,18,0,0,2,0
2024-11-29,16:12:45.001,0,0,0,0,0,0,0,75.73,0,0,0,0,0,66,14,7387128,19,18,0,0,2,0
2024-11-29,16:12:45.405,0,0,0,0,0,0,0,75.73,0,0,0,0,0,66,14,7387128,19,18,0,0,2,0
2024-11-29,16:12:45.814,0,0,0,0,0,0,0,75.73,0,0,0,0,0,66,14,7387128,19,18,0,0,2,0
2024-11-29,16:12:46.202,0,0,0,0,0,0,0,75.73,0,0,0,0,0,66,14,7387128,19,18,0,0,2,0
2024-11-29,16:12:46.609,0,0,0,0,0,0,0,75.73,0,0,0,0,0,66,14,7387128,19,18,0,0,2,0
2024-11-29,16:12:47.009,0,0,0,0,0,0,0,75.73,0,-0.01,-0.76,0,0,66,14,7387128,19,18,0,0,2,0
2024-11-29,16:12:47.418,0,0,0,0,0,0,0,75.73,0,0,0,0,0,66,14,7387128,19,18,0,0,2,0
2024-11-29,16:12:47.808,0,0,0,0,0,0,0,75.73,0,0,0,0,0,66,14,7387128,19,18,0,0,2,0
2024-11-29,16:12:48.212,0,0,0,0,0,0,0,75.73,0,0,0,0,0,66,14,7387128,19,18,0,0,2,0
2024-11-29,16:12:48.602,0,0,0,0,0,0,0,75.73,0,0,0,0,0,66,14,7387128,19,18,0,0,2,0
2024-11-29,16:12:49.010,0,0,0,0,0,0,0,75.73,0,0,0,0,0,66,14,7387128,19,18,0,0,2,0
2024-11-29,16:12:49.413,0,0,0,0,0,0,0,75.73,0,0,0,0,0,66,14,7387128,19,18,0,0,2,0
2024-11-29,16:12:49.803,0,0,0,0,0,0,0,75.73,0,0,0,0,0,66,14,7387128,19,18,0,0,2,0
2024-11-29,16:12:50.208,0,0,0,0,0,0,0,75.73,0,0,0,0,0,66,14,7387128,19,18,0,0,2,0
2024-11-29,16:12:50.612,0,0,0,0,0,0,0,75.73,0,0,0,0,0,66,14,7387128,19,18,0,0,2,0
2024-11-29,16:12:51.021,0,0,0,0,0,0,0,75.73,0,0,0,0,0,66,14,7387128,19,18,0,0,2,0
2024-11-29,16:12:51.407,0,0,0,0,0,0,0,75.73,0,0,0,0,0,66,14,7387128,19,18,0,0,2,0
2024-11-29,16:12:51.817,0,0,0,0,0,0,0,75.73,0,0,0,0,0,66,14,7387128,19,18,0,0,2,0
2024-11-29,16:12:52.201,0,0,0,0,0,0,0,75.73,0,-0.01,-0.76,0,0,66,14,7387128,19,18,0,0,2,0
2024-11-29,16:12:52.608,0,0,0,0,0,0,0,75.73,0,0,0,0,0,66,14,7387128,19,18,0,0,2,0
2024-11-29,16:12:53.015,0,0,0,0,0,0,0,75.73,0,-0.01,-0.76,0,0,66,14,7387128,19,18,0,0,2,0
2024-11-29,16:12:53.402,0,0,0,0,0,0,0,75.73,0,0.02,1.51,0,0,66,14,7387128,19,18,0,0,2,0
2024-11-29,16:12:53.807,0,0,0,0,0,0,0,75.73,0,0,0,0,0,66,14,7387128,19,18,0,0,2,0
2024-11-29,16:12:54.228,0,0,0,0,0,0,0,75.73,0,0,0,0,0,66,14,7387128,19,18,0,0,2,0
2024-11-29,16:12:54.602,0,0,0,0,0,0,0,75.73,0,-0.01,-0.76,0,0,66,14,7387128,19,18,0,0,2,0
2024-11-29,16:12:55.006,0,0,0,0,0,0,0,75.73,0,0,0,0,0,66,14,7387128,19,18,0,0,2,0
2024-11-29,16:12:55.426,0,0,0,0,0,0,0,75.73,0,0,0,0,0,66,14,7387128,19,18,0,0,2,0
2024-11-29,16:12:55.803,0,0,0,0,0,0,0,75.73,0,0,0,0,0,66,14,7387128,19,18,0,0,2,0
2024-11-29,16:12:56.210,0,0,0,0,0,0,0,75.74,0,0,0,0,0,66,14,7387128,19,18,0,0,2,0
2024-11-29,16:12:56.611,0,0,0,0,0,0,0,75.74,0,0,0,0,0,66,14,7387128,19,18,0,0,2,0
2024-11-29,16:12:57.009,0,0,0,0,0,0,0,75.74,0,0,0,0,0,66,14,7387128,19,18,0,0,2,0
2024-11-29,16:12:57.412,0,0,0,0,0,0,0,75.74,0,0,0,0,0,66,14,7387128,19,18,0,0,2,0
2024-11-29,16:12:57.818,0,0,0,0,0,0,0,75.74,0,0,0,0,0,66,14,7387128,19,18,0,0,2,0
2024-11-29,16:12:58.203,0,0,0,0,0,0,0,75.74,0,-0.02,-1.51,0,0,66,14,7387128,19,18,0,0,2,0
2024-11-29,16:12:58.613,0,0,0,0,0,0,0,75.74,0,0,0,0,0,66,14,7387128,19,18,0,0,2,0
2024-11-29,16:12:59.010,0,0,0,0,0,0,0,75.74,0,0,0,0,0,66,14,7387128,19,18,0,0,2,0
2024-11-29,16:12:59.421,0,0,0,0,0,0,0,75.74,0,0,0,0,0,66,14,7387128,19,18,0,0,2,0
2024-11-29,16:12:59.805,0,0,0,0,0,0,0,75.74,0,0,0,0,0,66,14,7387128,19,18,0,0,2,0
2024-11-29,16:13:00.212,0,0,0,0,0,0,0,75.74,0,0,0,0,0,66,14,7387128,19,18,0,0,2,0
2024-11-29,16:13:00.614,0,0,0,0,0,0,0,75.74,0,-0.01,-0.76,0,0,66,14,7387128,19,18,0,0,2,0
2024-11-29,16:13:01.006,0,0,0,0,0,0,0,75.74,0,0,0,0,0,66,14,7387128,19,18,0,0,2,0
2024-11-29,16:13:01.419,0,0,0,0,0,0,0,75.74,0,0,0,0,0,66,14,7387128,19,18,0,0,2,0
2024-11-29,16:13:01.823,0,0,0,0,0,0,0,75.74,0,0,0,0,0,66,14,7387128,19,18,0,0,2,0
2024-11-29,16:13:02.210,0,0,0,0,0,0,0,75.74,0,0,0,0,0,66,14,7387128,19,18,0,0,2,0
2024-11-29,16:13:02.633,0,0,0,0,0,0,0,75.74,0,0,0,0,0,66,14,7387128,19,18,0,0,2,0
2024-11-29,16:13:03.031,0,0,0,0,0,0,0,75.74,0,0,0,0,0,66,14,7387128,19,18,0,0,2,0
2024-11-29,16:13:03.406,0,0,0,0,0,0,0,75.74,0,0,0,0,0,66,14,7387128,19,18,0,0,2,0
2024-11-29,16:13:03.819,0,0,0,0,0,0,0.75,75.72,0,0.01,0.76,0,3,66,14,7387128,19,18,0,0,2,0
2024-11-29,16:13:04.217,0,0,0,0,0,0,1.13,75.72,0,0,0,0,2,66,14,7387128,19,18,0,0,2,0
2024-11-29,16:13:04.606,0,0,0,0,0,0,1.13,75.73,0,0.05,3.79,0,2,66,14,7387128,19,18,0,0,2,0
2024-11-29,16:13:05.034,0,0,0,0,0,0,1.63,75.73,0,0.01,0.76,0,4,66,14,7387128,19,18,0,0,2,0
2024-11-29,16:13:05.416,0,0,0,0,0,0,1.36,75.73,0,0,0,0,1,66,14,7387128,19,18,0,0,2,0
2024-11-29,16:13:05.804,0,0,0,0,0,0,0.36,75.73,0,0,0,0,1,66,15,7387129,19,18,0,0,2,0
2024-11-29,16:13:06.217,0,0,0,0,0,0,0.04,75.73,0,0,0,0,0,66,15,7387129,19,18,0,0,2,0
2024-11-29,16:13:06.617,0,0,0,0,0,0,0,75.73,0,0,0,0,0,66,15,7387129,19,18,0,0,2,0
2024-11-29,16:13:07.004,0,0,0,0,0,0,0,75.73,0,0,0,0,1,66,15,7387129,19,18,0,0,2,0
2024-11-29,16:13:07.418,0,0,0,0,0,0,0,75.73,0,0,0,0,1,66,15,7387129,19,18,0,0,2,0
2024-11-29,16:13:07.842,0,0,0,0,0,0,0,75.73,0,0,0,0,1,66,15,7387129,19,18,0,0,2,0
2024-11-29,16:13:08.207,0,0,0,0,0,0,0,75.73,0,0.03,2.27,0,0,66,15,7387129,19,18,0,0,2,0
2024-11-29,16:13:08.616,0,0,0,0,0,0,0,75.73,0,0,0,0,1,66,15,7387129,19,18,0,0,2,0
2024-11-29,16:13:09.044,0,0,0,0,0,0,0,75.73,0,0,0,0,0,66,15,7387129,19,18,0,0,2,0
2024-11-29,16:13:09.407,0,0,0,0,0,0,0,75.73,0,0.01,0.76,0,0,66,15,7387129,19,18,0,0,2,0
2024-11-29,16:13:09.818,0,0,0,0,0,0,0,75.73,0,0,0,0,0,66,15,7387129,19,18,0,0,2,0
2024-11-29,16:13:10.219,0,0,0,0,0,0,0,75.73,0,-0.01,-0.76,0,0,66,15,7387129,19,18,0,0,2,0
2024-11-29,16:13:10.611,0,0,0,0,0,0,0,75.74,0,-0.01,-0.76,0,0,66,15,7387129,19,18,0,0,2,0
2024-11-29,16:13:11.014,0,0,0,0,0,0,0.06,75.74,0,0,0,0,1,66,15,7387129,19,18,0,0,2,0
2024-11-29,16:13:11.437,0,0,0,0,0,0,0.73,75.73,0,0.21,15.9,0,4,66,15,7387129,19,18,0,0,2,0
2024-11-29,16:13:11.807,0,0,0,0,0,0,0.57,75.73,0,0.31,23.48,0,0,66,15,7387129,19,18,0,0,2,0
2024-11-29,16:13:12.217,0,0,0,0,0,0,0.07,75.73,0,0.31,23.48,0,0,66,15,7387129,19,18,0,0,2,0
2024-11-29,16:13:12.616,0,0,0,0,0,0,0,75.73,0,0.32,24.23,0,0,66,15,7387129,19,18,0,0,2,0
2024-11-29,16:13:13.005,0,0,0,0,0,0,0,75.73,0,0.05,3.79,0,1,66,15,7387129,19,18,0,0,2,0
2024-11-29,16:13:13.423,0,0,0,0,0,0,0,75.73,0,0,0,0,0,66,15,7387129,19,18,0,0,2,0
2024-11-29,16:13:13.841,0,0,0,0,0,0,0,75.73,0,0,0,0,0,66,15,7387129,19,18,0,0,2,0
2024-11-29,16:13:14.206,0,0,0,0,0,0,0,75.73,0,0.02,1.51,0,0,66,15,7387129,19,18,0,0,2,0
2024-11-29,16:13:14.631,0,0,0,0,0,0,0,75.73,0,0,0,0,0,66,15,7387129,19,18,0,0,2,0
